0,AIOneName,AIOneDiff,AITwoName,AITwoDiff,WhoWentFirst,WinnerName,WinnerDiff,WinnerSymbol
1,AI_1,2,AI_2,2,0,TIE,N/A,N/A
2,AI_1,2,AI_2,2,0,TIE,N/A,N/A
3,AI_1,2,AI_2,0,1,TIE,N/A,N/A
4,AI_1,0,AI_2,0,1,AI_2,0,O
5,AI_1,0,AI_2,0,0,AI_2,0,O
6,AI_1,1,AI_2,0,0,AI_1,1,X
7,AI_1,2,AI_2,0,1,AI_2,0,O
8,AI_1,0,AI_2,2,1,AI_2,2,O
9,AI_1,2,AI_2,1,0,TIE,N/A,N/A
10,AI_1,1,AI_2,2,0,TIE,N/A,N/A
11,AI_1,2,AI_2,2,1,AI_2,2,O
12,AI_1,2,AI_2,1,1,TIE,N/A,N/A
13,AI_1,0,AI_2,0,0,AI_1,0,X
14,AI_1,1,AI_2,2,0,TIE,N/A,N/A
15,AI_1,1,AI_2,1,1,TIE,N/A,N/A
16,AI_1,1,AI_2,2,0,TIE,N/A,N/A
17,AI_1,2,AI_2,0,1,AI_1,2,X
18,AI_1,2,AI_2,0,1,AI_2,0,O
19,AI_1,1,AI_2,1,1,TIE,N/A,N/A
20,AI_1,2,AI_2,2,1,AI_2,2,O
21,AI_1,1,AI_2,0,0,AI_2,0,O
22,AI_1,0,AI_2,0,1,AI_2,0,O
23,AI_1,0,AI_2,2,1,AI_2,2,O
24,AI_1,1,AI_2,2,1,AI_2,2,O
25,AI_1,2,AI_2,1,0,TIE,N/A,N/A
26,AI_1,2,AI_2,2,0,TIE,N/A,N/A
27,AI_1,1,AI_2,0,1,AI_2,0,O
28,AI_1,2,AI_2,1,1,AI_1,2,X
29,AI_1,0,AI_2,2,1,AI_2,2,O
30,AI_1,0,AI_2,1,1,TIE,N/A,N/A
31,AI_1,2,AI_2,0,1,AI_1,2,X
32,AI_1,1,AI_2,2,0,TIE,N/A,N/A
33,AI_1,1,AI_2,1,0,TIE,N/A,N/A
34,AI_1,2,AI_2,1,0,TIE,N/A,N/A
35,AI_1,1,AI_2,0,0,AI_2,0,O
36,AI_1,0,AI_2,0,0,AI_1,0,X
37,AI_1,1,AI_2,2,1,AI_2,2,O
38,AI_1,1,AI_2,1,0,TIE,N/A,N/A
39,AI_1,1,AI_2,2,1,AI_2,2,O
40,AI_1,1,AI_2,1,1,TIE,N/A,N/A
41,AI_1,2,AI_2,1,1,TIE,N/A,N/A
42,AI_1,1,AI_2,1,0,TIE,N/A,N/A
43,AI_1,2,AI_2,1,1,TIE,N/A,N/A
44,AI_1,1,AI_2,1,1,TIE,N/A,N/A
45,AI_1,0,AI_2,1,1,TIE,N/A,N/A
46,AI_1,1,AI_2,1,1,TIE,N/A,N/A
47,AI_1,1,AI_2,1,1,TIE,N/A,N/A
48,AI_1,1,AI_2,1,1,TIE,N/A,N/A
49,AI_1,0,AI_2,0,0,AI_1,0,X
50,AI_1,0,AI_2,2,1,AI_2,2,O
51,AI_1,2,AI_2,0,0,AI_1,2,X
52,AI_1,2,AI_2,2,0,TIE,N/A,N/A
53,AI_1,2,AI_2,1,1,AI_1,2,X
54,AI_1,2,AI_2,1,0,TIE,N/A,N/A
55,AI_1,0,AI_2,1,0,TIE,N/A,N/A
56,AI_1,1,AI_2,1,1,TIE,N/A,N/A
57,AI_1,0,AI_2,0,0,AI_1,0,X
58,AI_1,2,AI_2,1,1,AI_1,2,X
59,AI_1,1,AI_2,0,1,AI_2,0,O
60,AI_1,2,AI_2,2,1,AI_2,2,O
61,AI_1,2,AI_2,2,0,TIE,N/A,N/A
62,AI_1,1,AI_2,1,1,TIE,N/A,N/A
63,AI_1,1,AI_2,2,1,AI_2,2,O
64,AI_1,1,AI_2,0,0,AI_2,0,O
65,AI_1,2,AI_2,1,1,AI_1,2,X
66,AI_1,2,AI_2,1,0,TIE,N/A,N/A
67,AI_1,0,AI_2,2,0,TIE,N/A,N/A
68,AI_1,0,AI_2,2,0,TIE,N/A,N/A
69,AI_1,1,AI_2,0,0,AI_2,0,O
70,AI_1,1,AI_2,2,0,TIE,N/A,N/A
71,AI_1,0,AI_2,2,1,AI_2,2,O
72,AI_1,1,AI_2,1,1,TIE,N/A,N/A
73,AI_1,2,AI_2,0,0,AI_1,2,X
74,AI_1,1,AI_2,1,1,TIE,N/A,N/A
75,AI_1,1,AI_2,2,1,AI_2,2,O
76,AI_1,0,AI_2,0,1,TIE,N/A,N/A
77,AI_1,2,AI_2,2,1,AI_2,2,O
78,AI_1,2,AI_2,2,1,AI_2,2,O
79,AI_1,2,AI_2,1,1,AI_1,2,X
80,AI_1,0,AI_2,1,1,TIE,N/A,N/A
81,AI_1,1,AI_2,1,1,AI_1,1,X
82,AI_1,0,AI_2,1,0,TIE,N/A,N/A
83,AI_1,2,AI_2,0,1,AI_2,0,O
84,AI_1,0,AI_2,0,1,AI_2,0,O
85,AI_1,2,AI_2,2,0,TIE,N/A,N/A
86,AI_1,1,AI_2,1,1,AI_1,1,X
87,AI_1,2,AI_2,1,0,TIE,N/A,N/A
88,AI_1,0,AI_2,0,1,AI_2,0,O
89,AI_1,2,AI_2,2,0,TIE,N/A,N/A
90,AI_1,1,AI_2,1,1,TIE,N/A,N/A
91,AI_1,2,AI_2,2,1,AI_2,2,O
92,AI_1,2,AI_2,0,1,AI_1,2,X
93,AI_1,2,AI_2,1,1,TIE,N/A,N/A
94,AI_1,0,AI_2,2,0,TIE,N/A,N/A
95,AI_1,2,AI_2,0,0,AI_1,2,X
96,AI_1,2,AI_2,0,1,AI_1,2,X
97,AI_1,1,AI_2,1,1,AI_1,1,X
98,AI_1,0,AI_2,1,0,TIE,N/A,N/A
99,AI_1,1,AI_2,1,1,AI_1,1,X
100,AI_1,1,AI_2,2,1,AI_2,2,O
101,AI_1,0,AI_2,1,0,TIE,N/A,N/A
102,AI_1,1,AI_2,2,1,AI_2,2,O
103,AI_1,0,AI_2,1,1,TIE,N/A,N/A
104,AI_1,2,AI_2,0,0,AI_2,0,O
105,AI_1,0,AI_2,2,0,TIE,N/A,N/A
106,AI_1,2,AI_2,1,0,TIE,N/A,N/A
107,AI_1,1,AI_2,1,0,TIE,N/A,N/A
108,AI_1,2,AI_2,0,0,AI_1,2,X
109,AI_1,1,AI_2,1,0,TIE,N/A,N/A
110,AI_1,2,AI_2,1,1,TIE,N/A,N/A
111,AI_1,2,AI_2,1,1,TIE,N/A,N/A
112,AI_1,1,AI_2,1,0,TIE,N/A,N/A
113,AI_1,0,AI_2,2,0,TIE,N/A,N/A
114,AI_1,2,AI_2,0,1,AI_1,2,X
115,AI_1,0,AI_2,0,0,AI_1,0,X
116,AI_1,2,AI_2,1,1,TIE,N/A,N/A
117,AI_1,2,AI_2,0,0,AI_1,2,X
118,AI_1,0,AI_2,2,1,AI_2,2,O
119,AI_1,2,AI_2,0,0,AI_1,2,X
120,AI_1,2,AI_2,0,0,AI_1,2,X
121,AI_1,1,AI_2,0,0,AI_1,1,X
122,AI_1,2,AI_2,2,0,TIE,N/A,N/A
123,AI_1,2,AI_2,0,1,AI_2,0,O
124,AI_1,2,AI_2,1,1,TIE,N/A,N/A
125,AI_1,0,AI_2,2,0,TIE,N/A,N/A
126,AI_1,1,AI_2,2,0,TIE,N/A,N/A
127,AI_1,2,AI_2,2,1,AI_2,2,O
128,AI_1,2,AI_2,0,1,AI_2,0,O
129,AI_1,1,AI_2,2,0,TIE,N/A,N/A
130,AI_1,2,AI_2,1,0,TIE,N/A,N/A
131,AI_1,2,AI_2,2,1,AI_2,2,O
132,AI_1,0,AI_2,0,1,AI_1,0,X
133,AI_1,1,AI_2,1,1,TIE,N/A,N/A
134,AI_1,0,AI_2,0,0,AI_2,0,O
135,AI_1,0,AI_2,2,1,AI_2,2,O
136,AI_1,2,AI_2,0,1,AI_2,0,O
137,AI_1,2,AI_2,2,0,TIE,N/A,N/A
138,AI_1,0,AI_2,2,0,TIE,N/A,N/A
139,AI_1,2,AI_2,1,1,TIE,N/A,N/A
140,AI_1,2,AI_2,1,0,TIE,N/A,N/A
141,AI_1,1,AI_2,2,0,TIE,N/A,N/A
142,AI_1,0,AI_2,0,0,AI_1,0,X
143,AI_1,2,AI_2,1,1,TIE,N/A,N/A
144,AI_1,0,AI_2,0,1,AI_1,0,X
145,AI_1,2,AI_2,1,1,TIE,N/A,N/A
146,AI_1,2,AI_2,1,0,TIE,N/A,N/A
147,AI_1,0,AI_2,2,0,TIE,N/A,N/A
148,AI_1,1,AI_2,1,1,TIE,N/A,N/A
149,AI_1,2,AI_2,2,0,TIE,N/A,N/A
150,AI_1,1,AI_2,0,1,AI_2,0,O
151,AI_1,2,AI_2,2,1,AI_2,2,O
152,AI_1,1,AI_2,2,1,AI_2,2,O
153,AI_1,2,AI_2,0,0,AI_2,0,O
154,AI_1,2,AI_2,0,1,AI_2,0,O
155,AI_1,2,AI_2,2,0,TIE,N/A,N/A
156,AI_1,2,AI_2,0,0,AI_2,0,O
157,AI_1,2,AI_2,0,1,AI_1,2,X
158,AI_1,1,AI_2,1,1,TIE,N/A,N/A
159,AI_1,1,AI_2,1,1,TIE,N/A,N/A
160,AI_1,1,AI_2,1,0,TIE,N/A,N/A
161,AI_1,2,AI_2,1,0,TIE,N/A,N/A
162,AI_1,2,AI_2,0,0,AI_1,2,X
163,AI_1,0,AI_2,0,1,AI_1,0,X
164,AI_1,2,AI_2,0,1,AI_2,0,O
165,AI_1,2,AI_2,2,1,AI_2,2,O
166,AI_1,2,AI_2,2,1,AI_2,2,O
167,AI_1,0,AI_2,2,0,TIE,N/A,N/A
168,AI_1,2,AI_2,2,1,AI_2,2,O
169,AI_1,1,AI_2,0,1,AI_2,0,O
170,AI_1,2,AI_2,2,0,TIE,N/A,N/A
171,AI_1,0,AI_2,2,1,AI_2,2,O
172,AI_1,0,AI_2,1,0,TIE,N/A,N/A
173,AI_1,1,AI_2,1,1,TIE,N/A,N/A
174,AI_1,1,AI_2,2,0,TIE,N/A,N/A
175,AI_1,2,AI_2,0,0,AI_1,2,X
176,AI_1,0,AI_2,2,1,AI_2,2,O
177,AI_1,2,AI_2,2,1,AI_2,2,O
178,AI_1,2,AI_2,2,1,AI_2,2,O
179,AI_1,0,AI_2,2,1,AI_2,2,O
180,AI_1,2,AI_2,2,0,TIE,N/A,N/A
181,AI_1,1,AI_2,2,0,TIE,N/A,N/A
182,AI_1,0,AI_2,2,1,AI_2,2,O
183,AI_1,2,AI_2,2,0,TIE,N/A,N/A
184,AI_1,0,AI_2,2,0,TIE,N/A,N/A
185,AI_1,1,AI_2,0,1,AI_2,0,O
186,AI_1,1,AI_2,0,1,AI_1,1,X
187,AI_1,1,AI_2,0,1,AI_1,1,X
188,AI_1,2,AI_2,2,1,AI_2,2,O
189,AI_1,1,AI_2,2,1,AI_2,2,O
190,AI_1,0,AI_2,1,0,TIE,N/A,N/A
191,AI_1,0,AI_2,2,0,TIE,N/A,N/A
192,AI_1,0,AI_2,2,1,AI_2,2,O
193,AI_1,2,AI_2,2,0,TIE,N/A,N/A
194,AI_1,2,AI_2,2,1,AI_2,2,O
195,AI_1,1,AI_2,1,1,TIE,N/A,N/A
196,AI_1,2,AI_2,0,0,AI_1,2,X
197,AI_1,2,AI_2,2,1,AI_2,2,O
198,AI_1,0,AI_2,2,0,TIE,N/A,N/A
199,AI_1,1,AI_2,1,1,TIE,N/A,N/A
200,AI_1,1,AI_2,1,1,AI_1,1,X
201,AI_1,2,AI_2,2,1,AI_2,2,O
202,AI_1,1,AI_2,1,0,TIE,N/A,N/A
203,AI_1,1,AI_2,2,1,AI_2,2,O
204,AI_1,2,AI_2,2,0,TIE,N/A,N/A
205,AI_1,2,AI_2,0,0,AI_1,2,X
206,AI_1,1,AI_2,1,1,TIE,N/A,N/A
207,AI_1,1,AI_2,2,1,AI_2,2,O
208,AI_1,2,AI_2,2,0,TIE,N/A,N/A
209,AI_1,2,AI_2,0,0,AI_1,2,X
210,AI_1,2,AI_2,1,1,AI_1,2,X
211,AI_1,0,AI_2,2,1,AI_2,2,O
212,AI_1,0,AI_2,0,0,AI_1,0,X
213,AI_1,1,AI_2,0,0,AI_2,0,O
214,AI_1,2,AI_2,2,1,AI_2,2,O
215,AI_1,2,AI_2,0,1,AI_2,0,O
216,AI_1,0,AI_2,2,1,AI_2,2,O
217,AI_1,0,AI_2,0,0,AI_2,0,O
218,AI_1,2,AI_2,1,1,TIE,N/A,N/A
219,AI_1,0,AI_2,1,0,TIE,N/A,N/A
220,AI_1,0,AI_2,2,0,TIE,N/A,N/A
221,AI_1,2,AI_2,2,1,AI_2,2,O
222,AI_1,2,AI_2,2,0,TIE,N/A,N/A
223,AI_1,1,AI_2,1,1,TIE,N/A,N/A
224,AI_1,2,AI_2,2,0,TIE,N/A,N/A
225,AI_1,0,AI_2,0,1,AI_2,0,O
226,AI_1,2,AI_2,2,1,AI_2,2,O
227,AI_1,0,AI_2,1,0,TIE,N/A,N/A
228,AI_1,1,AI_2,2,0,TIE,N/A,N/A
229,AI_1,2,AI_2,0,1,AI_1,2,X
230,AI_1,2,AI_2,1,0,TIE,N/A,N/A
231,AI_1,1,AI_2,0,1,AI_1,1,X
232,AI_1,0,AI_2,1,0,TIE,N/A,N/A
233,AI_1,2,AI_2,2,1,AI_2,2,O
234,AI_1,0,AI_2,0,1,AI_1,0,X
235,AI_1,2,AI_2,1,0,TIE,N/A,N/A
236,AI_1,0,AI_2,1,0,TIE,N/A,N/A
237,AI_1,2,AI_2,2,0,TIE,N/A,N/A
238,AI_1,2,AI_2,1,0,TIE,N/A,N/A
239,AI_1,2,AI_2,1,1,TIE,N/A,N/A
240,AI_1,1,AI_2,1,1,TIE,N/A,N/A
241,AI_1,0,AI_2,2,0,TIE,N/A,N/A
242,AI_1,1,AI_2,0,1,AI_1,1,X
243,AI_1,1,AI_2,2,1,AI_2,2,O
244,AI_1,0,AI_2,0,0,AI_1,0,X
245,AI_1,0,AI_2,0,0,AI_1,0,X
246,AI_1,0,AI_2,2,1,AI_2,2,O
247,AI_1,2,AI_2,2,1,AI_2,2,O
248,AI_1,1,AI_2,1,0,TIE,N/A,N/A
249,AI_1,1,AI_2,0,0,AI_1,1,X
250,AI_1,2,AI_2,2,1,AI_2,2,O
251,AI_1,1,AI_2,1,1,TIE,N/A,N/A
252,AI_1,0,AI_2,0,1,AI_1,0,X
253,AI_1,0,AI_2,1,0,TIE,N/A,N/A
254,AI_1,1,AI_2,0,0,TIE,N/A,N/A
255,AI_1,2,AI_2,0,1,AI_1,2,X
256,AI_1,2,AI_2,2,1,AI_2,2,O
257,AI_1,2,AI_2,0,0,AI_1,2,X
258,AI_1,0,AI_2,0,1,AI_2,0,O
259,AI_1,2,AI_2,1,0,TIE,N/A,N/A
260,AI_1,1,AI_2,2,1,AI_2,2,O
261,AI_1,1,AI_2,0,1,AI_2,0,O
262,AI_1,2,AI_2,1,0,TIE,N/A,N/A
263,AI_1,0,AI_2,2,1,AI_2,2,O
264,AI_1,1,AI_2,2,0,TIE,N/A,N/A
265,AI_1,0,AI_2,1,1,AI_1,0,X
266,AI_1,1,AI_2,2,1,AI_2,2,O
267,AI_1,2,AI_2,2,1,AI_2,2,O
268,AI_1,2,AI_2,2,0,TIE,N/A,N/A
269,AI_1,0,AI_2,1,0,TIE,N/A,N/A
270,AI_1,1,AI_2,0,0,AI_1,1,X
271,AI_1,1,AI_2,2,1,AI_2,2,O
272,AI_1,2,AI_2,0,0,AI_2,0,O
273,AI_1,1,AI_2,2,1,AI_2,2,O
274,AI_1,0,AI_2,0,1,AI_1,0,X
275,AI_1,2,AI_2,2,0,TIE,N/A,N/A
276,AI_1,1,AI_2,1,1,TIE,N/A,N/A
277,AI_1,2,AI_2,2,1,AI_2,2,O
278,AI_1,1,AI_2,1,0,TIE,N/A,N/A
279,AI_1,1,AI_2,1,0,TIE,N/A,N/A
280,AI_1,1,AI_2,2,0,TIE,N/A,N/A
281,AI_1,1,AI_2,0,1,AI_1,1,X
282,AI_1,0,AI_2,2,0,TIE,N/A,N/A
283,AI_1,2,AI_2,2,1,AI_2,2,O
284,AI_1,1,AI_2,0,1,AI_2,0,O
285,AI_1,0,AI_2,2,0,TIE,N/A,N/A
286,AI_1,0,AI_2,0,1,AI_2,0,O
287,AI_1,0,AI_2,1,0,TIE,N/A,N/A
288,AI_1,1,AI_2,2,0,TIE,N/A,N/A
289,AI_1,1,AI_2,2,1,AI_2,2,O
290,AI_1,1,AI_2,2,0,TIE,N/A,N/A
291,AI_1,2,AI_2,0,0,AI_1,2,X
292,AI_1,2,AI_2,0,0,AI_1,2,X
293,AI_1,1,AI_2,1,0,TIE,N/A,N/A
294,AI_1,1,AI_2,0,0,TIE,N/A,N/A
295,AI_1,2,AI_2,2,0,TIE,N/A,N/A
296,AI_1,1,AI_2,2,0,TIE,N/A,N/A
297,AI_1,2,AI_2,2,0,TIE,N/A,N/A
298,AI_1,1,AI_2,1,1,TIE,N/A,N/A
299,AI_1,1,AI_2,1,1,TIE,N/A,N/A
300,AI_1,1,AI_2,2,0,TIE,N/A,N/A
301,AI_1,2,AI_2,0,0,TIE,N/A,N/A
302,AI_1,1,AI_2,2,0,TIE,N/A,N/A
303,AI_1,0,AI_2,0,0,AI_2,0,O
304,AI_1,1,AI_2,2,1,AI_2,2,O
305,AI_1,0,AI_2,1,0,TIE,N/A,N/A
306,AI_1,0,AI_2,2,0,TIE,N/A,N/A
307,AI_1,1,AI_2,1,1,TIE,N/A,N/A
308,AI_1,2,AI_2,2,1,AI_2,2,O
309,AI_1,0,AI_2,0,1,AI_2,0,O
310,AI_1,1,AI_2,2,1,AI_2,2,O
311,AI_1,0,AI_2,0,0,AI_2,0,O
312,AI_1,0,AI_2,2,1,AI_2,2,O
313,AI_1,2,AI_2,2,0,TIE,N/A,N/A
314,AI_1,0,AI_2,2,0,TIE,N/A,N/A
315,AI_1,2,AI_2,2,1,AI_2,2,O
316,AI_1,1,AI_2,0,1,AI_1,1,X
317,AI_1,1,AI_2,1,0,TIE,N/A,N/A
318,AI_1,1,AI_2,0,0,TIE,N/A,N/A
319,AI_1,0,AI_2,1,1,TIE,N/A,N/A
320,AI_1,1,AI_2,2,0,TIE,N/A,N/A
321,AI_1,1,AI_2,2,0,TIE,N/A,N/A
322,AI_1,2,AI_2,2,1,AI_2,2,O
323,AI_1,1,AI_2,1,0,TIE,N/A,N/A
324,AI_1,0,AI_2,0,1,AI_1,0,X
325,AI_1,2,AI_2,2,1,AI_2,2,O
326,AI_1,2,AI_2,2,1,AI_2,2,O
327,AI_1,1,AI_2,2,0,TIE,N/A,N/A
328,AI_1,2,AI_2,2,0,TIE,N/A,N/A
329,AI_1,0,AI_2,2,0,TIE,N/A,N/A
330,AI_1,0,AI_2,0,0,AI_2,0,O
331,AI_1,2,AI_2,1,1,TIE,N/A,N/A
332,AI_1,1,AI_2,0,1,AI_2,0,O
333,AI_1,2,AI_2,2,1,AI_2,2,O
334,AI_1,2,AI_2,0,0,AI_1,2,X
335,AI_1,2,AI_2,2,1,AI_2,2,O
336,AI_1,1,AI_2,2,1,AI_2,2,O
337,AI_1,1,AI_2,1,0,TIE,N/A,N/A
338,AI_1,0,AI_2,2,1,AI_2,2,O
339,AI_1,0,AI_2,0,0,AI_1,0,X
340,AI_1,2,AI_2,0,1,AI_1,2,X
341,AI_1,2,AI_2,0,0,TIE,N/A,N/A
342,AI_1,0,AI_2,0,1,AI_2,0,O
343,AI_1,0,AI_2,2,0,TIE,N/A,N/A
344,AI_1,2,AI_2,2,1,AI_2,2,O
345,AI_1,2,AI_2,1,1,AI_1,2,X
346,AI_1,1,AI_2,2,1,AI_2,2,O
347,AI_1,0,AI_2,0,0,AI_2,0,O
348,AI_1,2,AI_2,2,0,TIE,N/A,N/A
349,AI_1,2,AI_2,1,0,TIE,N/A,N/A
350,AI_1,0,AI_2,1,0,TIE,N/A,N/A
351,AI_1,2,AI_2,0,0,AI_2,0,O
352,AI_1,0,AI_2,0,1,AI_2,0,O
353,AI_1,1,AI_2,2,1,AI_2,2,O
354,AI_1,0,AI_2,2,1,AI_2,2,O
355,AI_1,0,AI_2,0,0,AI_1,0,X
356,AI_1,0,AI_2,2,0,TIE,N/A,N/A
357,AI_1,1,AI_2,1,0,TIE,N/A,N/A
358,AI_1,0,AI_2,2,0,TIE,N/A,N/A
359,AI_1,1,AI_2,0,1,AI_1,1,X
360,AI_1,2,AI_2,1,0,TIE,N/A,N/A
361,AI_1,0,AI_2,1,0,TIE,N/A,N/A
362,AI_1,0,AI_2,2,1,AI_2,2,O
363,AI_1,1,AI_2,2,0,TIE,N/A,N/A
364,AI_1,0,AI_2,0,0,AI_1,0,X
365,AI_1,1,AI_2,1,1,TIE,N/A,N/A
366,AI_1,2,AI_2,2,1,AI_2,2,O
367,AI_1,2,AI_2,1,1,TIE,N/A,N/A
368,AI_1,2,AI_2,0,0,AI_1,2,X
369,AI_1,0,AI_2,1,1,TIE,N/A,N/A
370,AI_1,1,AI_2,2,1,AI_2,2,O
371,AI_1,1,AI_2,0,1,AI_2,0,O
372,AI_1,0,AI_2,1,0,TIE,N/A,N/A
373,AI_1,1,AI_2,2,0,TIE,N/A,N/A
374,AI_1,2,AI_2,0,0,TIE,N/A,N/A
375,AI_1,1,AI_2,2,1,AI_2,2,O
376,AI_1,2,AI_2,1,0,TIE,N/A,N/A
377,AI_1,0,AI_2,2,1,AI_2,2,O
378,AI_1,0,AI_2,2,1,AI_2,2,O
379,AI_1,0,AI_2,0,1,AI_2,0,O
380,AI_1,2,AI_2,2,1,AI_2,2,O
381,AI_1,0,AI_2,2,0,TIE,N/A,N/A
382,AI_1,2,AI_2,2,1,AI_2,2,O
383,AI_1,0,AI_2,0,1,AI_2,0,O
384,AI_1,0,AI_2,2,0,TIE,N/A,N/A
385,AI_1,0,AI_2,1,1,TIE,N/A,N/A
386,AI_1,1,AI_2,2,1,AI_2,2,O
387,AI_1,1,AI_2,0,1,AI_1,1,X
388,AI_1,0,AI_2,2,1,AI_2,2,O
389,AI_1,0,AI_2,0,1,AI_1,0,X
390,AI_1,1,AI_2,2,1,AI_2,2,O
391,AI_1,1,AI_2,1,0,TIE,N/A,N/A
392,AI_1,2,AI_2,1,1,AI_1,2,X
393,AI_1,0,AI_2,2,0,TIE,N/A,N/A
394,AI_1,1,AI_2,2,1,AI_2,2,O
395,AI_1,2,AI_2,0,1,TIE,N/A,N/A
396,AI_1,0,AI_2,0,1,AI_1,0,X
397,AI_1,1,AI_2,0,1,AI_2,0,O
398,AI_1,1,AI_2,1,0,TIE,N/A,N/A
399,AI_1,2,AI_2,0,0,TIE,N/A,N/A
400,AI_1,2,AI_2,1,1,TIE,N/A,N/A
401,AI_1,1,AI_2,1,0,TIE,N/A,N/A
402,AI_1,1,AI_2,0,0,AI_2,0,O
403,AI_1,2,AI_2,1,0,TIE,N/A,N/A
404,AI_1,0,AI_2,0,1,AI_2,0,O
405,AI_1,1,AI_2,0,0,AI_1,1,X
406,AI_1,2,AI_2,1,1,TIE,N/A,N/A
407,AI_1,0,AI_2,0,1,AI_2,0,O
408,AI_1,1,AI_2,0,1,AI_2,0,O
409,AI_1,2,AI_2,0,0,AI_1,2,X
410,AI_1,2,AI_2,0,1,TIE,N/A,N/A
411,AI_1,1,AI_2,0,1,AI_2,0,O
412,AI_1,1,AI_2,1,0,TIE,N/A,N/A
413,AI_1,1,AI_2,2,0,TIE,N/A,N/A
414,AI_1,0,AI_2,0,1,AI_2,0,O
415,AI_1,0,AI_2,0,1,AI_2,0,O
416,AI_1,0,AI_2,1,0,TIE,N/A,N/A
417,AI_1,2,AI_2,0,1,TIE,N/A,N/A
418,AI_1,2,AI_2,2,1,AI_2,2,O
419,AI_1,0,AI_2,0,1,AI_1,0,X
420,AI_1,0,AI_2,2,1,AI_2,2,O
421,AI_1,1,AI_2,0,0,AI_1,1,X
422,AI_1,1,AI_2,2,1,AI_2,2,O
423,AI_1,1,AI_2,1,1,AI_1,1,X
424,AI_1,1,AI_2,0,1,AI_2,0,O
425,AI_1,1,AI_2,1,0,TIE,N/A,N/A
426,AI_1,2,AI_2,0,0,AI_2,0,O
427,AI_1,2,AI_2,1,0,TIE,N/A,N/A
428,AI_1,1,AI_2,1,1,AI_1,1,X
429,AI_1,2,AI_2,1,1,TIE,N/A,N/A
430,AI_1,0,AI_2,2,0,TIE,N/A,N/A
431,AI_1,0,AI_2,2,0,TIE,N/A,N/A
432,AI_1,0,AI_2,2,0,TIE,N/A,N/A
433,AI_1,1,AI_2,0,0,AI_2,0,O
434,AI_1,2,AI_2,2,1,AI_2,2,O
435,AI_1,2,AI_2,2,1,AI_2,2,O
436,AI_1,2,AI_2,0,1,AI_2,0,O
437,AI_1,0,AI_2,0,0,TIE,N/A,N/A
438,AI_1,2,AI_2,0,0,AI_2,0,O
439,AI_1,1,AI_2,2,1,AI_2,2,O
440,AI_1,0,AI_2,1,1,TIE,N/A,N/A
441,AI_1,0,AI_2,0,1,AI_2,0,O
442,AI_1,0,AI_2,1,1,AI_1,0,X
443,AI_1,0,AI_2,1,1,AI_1,0,X
444,AI_1,2,AI_2,2,1,AI_2,2,O
445,AI_1,0,AI_2,1,0,TIE,N/A,N/A
446,AI_1,1,AI_2,0,0,TIE,N/A,N/A
447,AI_1,1,AI_2,1,1,TIE,N/A,N/A
448,AI_1,0,AI_2,2,0,TIE,N/A,N/A
449,AI_1,0,AI_2,2,1,AI_2,2,O
450,AI_1,0,AI_2,2,0,TIE,N/A,N/A
451,AI_1,0,AI_2,0,1,TIE,N/A,N/A
452,AI_1,2,AI_2,2,0,TIE,N/A,N/A
453,AI_1,0,AI_2,1,1,TIE,N/A,N/A
454,AI_1,0,AI_2,0,1,AI_2,0,O
455,AI_1,2,AI_2,2,1,AI_2,2,O
456,AI_1,2,AI_2,2,1,AI_2,2,O
457,AI_1,1,AI_2,2,0,TIE,N/A,N/A
458,AI_1,2,AI_2,0,1,AI_1,2,X
459,AI_1,0,AI_2,1,0,TIE,N/A,N/A
460,AI_1,2,AI_2,0,1,AI_2,0,O
461,AI_1,0,AI_2,1,0,TIE,N/A,N/A
462,AI_1,0,AI_2,0,0,AI_2,0,O
463,AI_1,1,AI_2,2,1,AI_2,2,O
464,AI_1,1,AI_2,0,1,AI_2,0,O
465,AI_1,2,AI_2,2,0,TIE,N/A,N/A
466,AI_1,2,AI_2,2,0,TIE,N/A,N/A
467,AI_1,2,AI_2,1,0,TIE,N/A,N/A
468,AI_1,2,AI_2,0,0,AI_1,2,X
469,AI_1,1,AI_2,0,0,AI_1,1,X
470,AI_1,2,AI_2,0,1,TIE,N/A,N/A
471,AI_1,1,AI_2,2,0,TIE,N/A,N/A
472,AI_1,2,AI_2,0,1,AI_2,0,O
473,AI_1,0,AI_2,2,1,AI_2,2,O
474,AI_1,1,AI_2,2,0,TIE,N/A,N/A
475,AI_1,0,AI_2,0,1,AI_2,0,O
476,AI_1,1,AI_2,2,1,AI_2,2,O
477,AI_1,2,AI_2,1,0,TIE,N/A,N/A
478,AI_1,0,AI_2,1,0,TIE,N/A,N/A
479,AI_1,2,AI_2,1,1,AI_1,2,X
480,AI_1,1,AI_2,2,1,AI_2,2,O
481,AI_1,1,AI_2,1,1,TIE,N/A,N/A
482,AI_1,1,AI_2,2,1,AI_2,2,O
483,AI_1,1,AI_2,1,0,TIE,N/A,N/A
484,AI_1,0,AI_2,2,1,AI_2,2,O
485,AI_1,0,AI_2,1,0,TIE,N/A,N/A
486,AI_1,2,AI_2,2,1,AI_2,2,O
487,AI_1,0,AI_2,2,0,TIE,N/A,N/A
488,AI_1,0,AI_2,1,0,TIE,N/A,N/A
489,AI_1,1,AI_2,0,1,AI_2,0,O
490,AI_1,1,AI_2,0,0,AI_1,1,X
491,AI_1,2,AI_2,2,1,AI_2,2,O
492,AI_1,2,AI_2,1,1,AI_1,2,X
493,AI_1,2,AI_2,0,0,AI_1,2,X
494,AI_1,2,AI_2,2,1,AI_2,2,O
495,AI_1,0,AI_2,1,1,TIE,N/A,N/A
496,AI_1,0,AI_2,1,1,TIE,N/A,N/A
497,AI_1,2,AI_2,1,0,TIE,N/A,N/A
498,AI_1,1,AI_2,1,0,TIE,N/A,N/A
499,AI_1,0,AI_2,0,0,TIE,N/A,N/A
500,AI_1,1,AI_2,1,0,TIE,N/A,N/A
501,AI_1,0,AI_2,2,1,AI_2,2,O
502,AI_1,0,AI_2,1,0,TIE,N/A,N/A
503,AI_1,2,AI_2,0,0,AI_2,0,O
504,AI_1,2,AI_2,2,0,TIE,N/A,N/A
505,AI_1,1,AI_2,1,0,TIE,N/A,N/A
506,AI_1,0,AI_2,2,1,AI_2,2,O
507,AI_1,1,AI_2,1,0,TIE,N/A,N/A
508,AI_1,2,AI_2,2,1,AI_2,2,O
509,AI_1,2,AI_2,1,0,TIE,N/A,N/A
510,AI_1,0,AI_2,0,1,AI_1,0,X
511,AI_1,2,AI_2,1,0,TIE,N/A,N/A
512,AI_1,1,AI_2,0,1,AI_2,0,O
513,AI_1,1,AI_2,1,1,TIE,N/A,N/A
514,AI_1,1,AI_2,0,1,AI_2,0,O
515,AI_1,0,AI_2,1,0,TIE,N/A,N/A
516,AI_1,2,AI_2,2,0,TIE,N/A,N/A
517,AI_1,0,AI_2,2,1,AI_2,2,O
518,AI_1,2,AI_2,1,1,TIE,N/A,N/A
519,AI_1,2,AI_2,1,0,TIE,N/A,N/A
520,AI_1,2,AI_2,1,0,TIE,N/A,N/A
521,AI_1,1,AI_2,1,1,TIE,N/A,N/A
522,AI_1,0,AI_2,1,0,TIE,N/A,N/A
523,AI_1,0,AI_2,0,0,TIE,N/A,N/A
524,AI_1,0,AI_2,1,1,TIE,N/A,N/A
525,AI_1,1,AI_2,1,1,TIE,N/A,N/A
526,AI_1,0,AI_2,2,0,TIE,N/A,N/A
527,AI_1,1,AI_2,0,0,AI_1,1,X
528,AI_1,1,AI_2,0,0,AI_1,1,X
529,AI_1,2,AI_2,2,0,TIE,N/A,N/A
530,AI_1,0,AI_2,0,1,AI_1,0,X
531,AI_1,0,AI_2,0,1,AI_1,0,X
532,AI_1,2,AI_2,0,1,AI_2,0,O
533,AI_1,1,AI_2,1,1,AI_1,1,X
534,AI_1,1,AI_2,0,0,AI_2,0,O
535,AI_1,2,AI_2,2,0,TIE,N/A,N/A
536,AI_1,0,AI_2,2,1,AI_2,2,O
537,AI_1,2,AI_2,0,1,AI_1,2,X
538,AI_1,2,AI_2,1,0,TIE,N/A,N/A
539,AI_1,0,AI_2,0,0,AI_1,0,X
540,AI_1,2,AI_2,0,1,AI_2,0,O
541,AI_1,1,AI_2,2,0,TIE,N/A,N/A
542,AI_1,2,AI_2,1,1,AI_1,2,X
543,AI_1,0,AI_2,0,1,AI_2,0,O
544,AI_1,1,AI_2,1,1,AI_1,1,X
545,AI_1,0,AI_2,1,0,TIE,N/A,N/A
546,AI_1,2,AI_2,0,0,TIE,N/A,N/A
547,AI_1,2,AI_2,2,0,TIE,N/A,N/A
548,AI_1,1,AI_2,2,1,AI_2,2,O
549,AI_1,0,AI_2,1,0,TIE,N/A,N/A
550,AI_1,1,AI_2,0,0,AI_1,1,X
551,AI_1,0,AI_2,1,0,TIE,N/A,N/A
552,AI_1,2,AI_2,2,1,AI_2,2,O
553,AI_1,0,AI_2,0,1,AI_2,0,O
554,AI_1,1,AI_2,2,1,AI_2,2,O
555,AI_1,1,AI_2,0,1,AI_1,1,X
556,AI_1,0,AI_2,1,0,TIE,N/A,N/A
557,AI_1,1,AI_2,1,0,TIE,N/A,N/A
558,AI_1,1,AI_2,2,0,TIE,N/A,N/A
559,AI_1,1,AI_2,1,1,AI_1,1,X
560,AI_1,1,AI_2,2,0,TIE,N/A,N/A
561,AI_1,2,AI_2,0,0,AI_1,2,X
562,AI_1,2,AI_2,1,0,TIE,N/A,N/A
563,AI_1,1,AI_2,0,1,AI_1,1,X
564,AI_1,0,AI_2,0,0,AI_1,0,X
565,AI_1,2,AI_2,1,0,TIE,N/A,N/A
566,AI_1,2,AI_2,1,0,TIE,N/A,N/A
567,AI_1,2,AI_2,0,1,TIE,N/A,N/A
568,AI_1,1,AI_2,0,0,AI_1,1,X
569,AI_1,2,AI_2,0,0,TIE,N/A,N/A
570,AI_1,1,AI_2,0,1,AI_2,0,O
571,AI_1,2,AI_2,1,0,TIE,N/A,N/A
572,AI_1,0,AI_2,0,0,AI_2,0,O
573,AI_1,0,AI_2,1,1,AI_1,0,X
574,AI_1,2,AI_2,2,0,TIE,N/A,N/A
575,AI_1,0,AI_2,1,1,TIE,N/A,N/A
576,AI_1,0,AI_2,0,0,AI_1,0,X
577,AI_1,2,AI_2,2,0,TIE,N/A,N/A
578,AI_1,0,AI_2,0,1,AI_2,0,O
579,AI_1,1,AI_2,0,0,AI_1,1,X
580,AI_1,0,AI_2,2,0,TIE,N/A,N/A
581,AI_1,2,AI_2,1,0,TIE,N/A,N/A
582,AI_1,1,AI_2,0,0,AI_1,1,X
583,AI_1,2,AI_2,1,0,TIE,N/A,N/A
584,AI_1,1,AI_2,0,1,AI_1,1,X
585,AI_1,2,AI_2,2,0,TIE,N/A,N/A
586,AI_1,1,AI_2,0,1,AI_2,0,O
587,AI_1,1,AI_2,2,1,AI_2,2,O
588,AI_1,1,AI_2,1,0,TIE,N/A,N/A
589,AI_1,1,AI_2,0,0,AI_1,1,X
590,AI_1,0,AI_2,0,0,AI_1,0,X
591,AI_1,2,AI_2,1,1,TIE,N/A,N/A
592,AI_1,2,AI_2,0,0,AI_1,2,X
593,AI_1,0,AI_2,0,0,AI_2,0,O
594,AI_1,0,AI_2,0,0,AI_1,0,X
595,AI_1,0,AI_2,1,0,TIE,N/A,N/A
596,AI_1,2,AI_2,0,0,AI_1,2,X
597,AI_1,1,AI_2,0,0,AI_1,1,X
598,AI_1,0,AI_2,0,0,AI_1,0,X
599,AI_1,0,AI_2,2,0,TIE,N/A,N/A
600,AI_1,0,AI_2,1,0,TIE,N/A,N/A
601,AI_1,2,AI_2,1,1,TIE,N/A,N/A
602,AI_1,2,AI_2,1,1,TIE,N/A,N/A
603,AI_1,2,AI_2,1,1,TIE,N/A,N/A
604,AI_1,1,AI_2,2,0,TIE,N/A,N/A
605,AI_1,2,AI_2,1,0,TIE,N/A,N/A
606,AI_1,1,AI_2,0,0,AI_1,1,X
607,AI_1,2,AI_2,2,1,AI_2,2,O
608,AI_1,0,AI_2,0,1,AI_2,0,O
609,AI_1,1,AI_2,1,1,TIE,N/A,N/A
610,AI_1,1,AI_2,2,0,TIE,N/A,N/A
611,AI_1,2,AI_2,1,1,AI_1,2,X
612,AI_1,2,AI_2,2,0,TIE,N/A,N/A
613,AI_1,1,AI_2,0,0,AI_1,1,X
614,AI_1,1,AI_2,0,1,AI_2,0,O
615,AI_1,0,AI_2,1,1,TIE,N/A,N/A
616,AI_1,1,AI_2,0,1,TIE,N/A,N/A
617,AI_1,1,AI_2,1,0,TIE,N/A,N/A
618,AI_1,1,AI_2,2,0,TIE,N/A,N/A
619,AI_1,2,AI_2,1,1,TIE,N/A,N/A
620,AI_1,2,AI_2,0,1,AI_1,2,X
621,AI_1,0,AI_2,1,1,TIE,N/A,N/A
622,AI_1,2,AI_2,0,1,AI_2,0,O
623,AI_1,1,AI_2,0,0,AI_1,1,X
624,AI_1,2,AI_2,0,1,AI_2,0,O
625,AI_1,2,AI_2,0,0,AI_1,2,X
626,AI_1,0,AI_2,0,1,AI_2,0,O
627,AI_1,1,AI_2,0,1,AI_2,0,O
628,AI_1,1,AI_2,0,1,TIE,N/A,N/A
629,AI_1,0,AI_2,0,1,AI_2,0,O
630,AI_1,1,AI_2,2,0,TIE,N/A,N/A
631,AI_1,0,AI_2,1,0,TIE,N/A,N/A
632,AI_1,0,AI_2,0,1,AI_1,0,X
633,AI_1,1,AI_2,0,1,AI_1,1,X
634,AI_1,2,AI_2,1,0,TIE,N/A,N/A
635,AI_1,2,AI_2,2,0,TIE,N/A,N/A
636,AI_1,1,AI_2,2,0,TIE,N/A,N/A
637,AI_1,0,AI_2,0,1,TIE,N/A,N/A
638,AI_1,2,AI_2,1,0,TIE,N/A,N/A
639,AI_1,2,AI_2,1,1,TIE,N/A,N/A
640,AI_1,2,AI_2,1,0,TIE,N/A,N/A
641,AI_1,2,AI_2,2,0,TIE,N/A,N/A
642,AI_1,1,AI_2,2,1,AI_2,2,O
643,AI_1,1,AI_2,1,0,TIE,N/A,N/A
644,AI_1,1,AI_2,2,1,AI_2,2,O
645,AI_1,2,AI_2,1,1,AI_1,2,X
646,AI_1,0,AI_2,1,0,TIE,N/A,N/A
647,AI_1,1,AI_2,2,1,AI_2,2,O
648,AI_1,0,AI_2,0,1,AI_1,0,X
649,AI_1,2,AI_2,1,0,TIE,N/A,N/A
650,AI_1,1,AI_2,0,0,AI_1,1,X
651,AI_1,1,AI_2,0,1,AI_2,0,O
652,AI_1,2,AI_2,2,0,TIE,N/A,N/A
653,AI_1,1,AI_2,0,1,AI_2,0,O
654,AI_1,2,AI_2,1,0,TIE,N/A,N/A
655,AI_1,2,AI_2,0,0,AI_1,2,X
656,AI_1,1,AI_2,1,0,TIE,N/A,N/A
657,AI_1,1,AI_2,0,1,AI_2,0,O
658,AI_1,0,AI_2,2,0,TIE,N/A,N/A
659,AI_1,2,AI_2,1,1,AI_1,2,X
660,AI_1,2,AI_2,1,0,TIE,N/A,N/A
661,AI_1,0,AI_2,1,0,TIE,N/A,N/A
662,AI_1,0,AI_2,2,1,AI_2,2,O
663,AI_1,1,AI_2,1,1,TIE,N/A,N/A
664,AI_1,0,AI_2,2,1,AI_2,2,O
665,AI_1,2,AI_2,1,0,TIE,N/A,N/A
666,AI_1,1,AI_2,0,0,AI_1,1,X
667,AI_1,0,AI_2,1,0,TIE,N/A,N/A
668,AI_1,0,AI_2,2,1,AI_2,2,O
669,AI_1,1,AI_2,0,1,AI_2,0,O
670,AI_1,1,AI_2,0,0,AI_1,1,X
671,AI_1,1,AI_2,2,0,TIE,N/A,N/A
672,AI_1,1,AI_2,0,1,AI_2,0,O
673,AI_1,0,AI_2,0,1,AI_1,0,X
674,AI_1,1,AI_2,2,1,AI_2,2,O
675,AI_1,0,AI_2,2,1,AI_2,2,O
676,AI_1,2,AI_2,1,0,TIE,N/A,N/A
677,AI_1,2,AI_2,2,0,TIE,N/A,N/A
678,AI_1,2,AI_2,1,0,TIE,N/A,N/A
679,AI_1,0,AI_2,0,0,AI_2,0,O
680,AI_1,1,AI_2,2,0,TIE,N/A,N/A
681,AI_1,1,AI_2,0,1,TIE,N/A,N/A
682,AI_1,2,AI_2,0,0,AI_1,2,X
683,AI_1,2,AI_2,1,1,TIE,N/A,N/A
684,AI_1,1,AI_2,1,1,TIE,N/A,N/A
685,AI_1,2,AI_2,0,0,TIE,N/A,N/A
686,AI_1,0,AI_2,0,1,TIE,N/A,N/A
687,AI_1,1,AI_2,0,0,TIE,N/A,N/A
688,AI_1,0,AI_2,2,0,TIE,N/A,N/A
689,AI_1,2,AI_2,1,0,TIE,N/A,N/A
690,AI_1,2,AI_2,1,1,AI_1,2,X
691,AI_1,0,AI_2,0,1,AI_1,0,X
692,AI_1,0,AI_2,1,0,TIE,N/A,N/A
693,AI_1,0,AI_2,0,1,AI_1,0,X
694,AI_1,2,AI_2,0,0,AI_1,2,X
695,AI_1,2,AI_2,0,1,AI_2,0,O
696,AI_1,0,AI_2,1,1,TIE,N/A,N/A
697,AI_1,0,AI_2,0,1,AI_1,0,X
698,AI_1,1,AI_2,2,0,TIE,N/A,N/A
699,AI_1,1,AI_2,1,0,TIE,N/A,N/A
700,AI_1,0,AI_2,0,0,AI_1,0,X
701,AI_1,0,AI_2,2,0,TIE,N/A,N/A
702,AI_1,2,AI_2,2,0,TIE,N/A,N/A
703,AI_1,1,AI_2,0,0,AI_1,1,X
704,AI_1,1,AI_2,2,0,TIE,N/A,N/A
705,AI_1,0,AI_2,1,1,TIE,N/A,N/A
706,AI_1,1,AI_2,2,1,AI_2,2,O
707,AI_1,1,AI_2,2,1,AI_2,2,O
708,AI_1,1,AI_2,0,1,TIE,N/A,N/A
709,AI_1,1,AI_2,1,1,TIE,N/A,N/A
710,AI_1,1,AI_2,0,0,AI_2,0,O
711,AI_1,0,AI_2,2,1,AI_2,2,O
712,AI_1,0,AI_2,0,0,AI_1,0,X
713,AI_1,1,AI_2,0,1,AI_1,1,X
714,AI_1,1,AI_2,2,1,AI_2,2,O
715,AI_1,0,AI_2,1,0,TIE,N/A,N/A
716,AI_1,1,AI_2,2,1,AI_2,2,O
717,AI_1,0,AI_2,1,0,TIE,N/A,N/A
718,AI_1,0,AI_2,2,0,TIE,N/A,N/A
719,AI_1,1,AI_2,1,0,TIE,N/A,N/A
720,AI_1,2,AI_2,0,0,TIE,N/A,N/A
721,AI_1,1,AI_2,0,1,AI_2,0,O
722,AI_1,1,AI_2,2,1,AI_2,2,O
723,AI_1,1,AI_2,0,1,AI_2,0,O
724,AI_1,0,AI_2,1,1,AI_1,0,X
725,AI_1,0,AI_2,2,1,AI_2,2,O
726,AI_1,0,AI_2,2,1,AI_2,2,O
727,AI_1,0,AI_2,2,1,AI_2,2,O
728,AI_1,1,AI_2,1,1,AI_1,1,X
729,AI_1,0,AI_2,0,0,AI_2,0,O
730,AI_1,0,AI_2,2,0,TIE,N/A,N/A
731,AI_1,1,AI_2,1,0,TIE,N/A,N/A
732,AI_1,0,AI_2,0,1,AI_2,0,O
733,AI_1,1,AI_2,2,0,TIE,N/A,N/A
734,AI_1,1,AI_2,2,0,TIE,N/A,N/A
735,AI_1,2,AI_2,1,0,TIE,N/A,N/A
736,AI_1,1,AI_2,1,0,TIE,N/A,N/A
737,AI_1,1,AI_2,0,0,AI_1,1,X
738,AI_1,0,AI_2,1,1,TIE,N/A,N/A
739,AI_1,1,AI_2,1,0,TIE,N/A,N/A
740,AI_1,0,AI_2,0,1,AI_1,0,X
741,AI_1,1,AI_2,1,0,TIE,N/A,N/A
742,AI_1,2,AI_2,2,0,TIE,N/A,N/A
743,AI_1,0,AI_2,2,1,AI_2,2,O
744,AI_1,0,AI_2,2,0,TIE,N/A,N/A
745,AI_1,2,AI_2,0,0,AI_1,2,X
746,AI_1,2,AI_2,0,1,AI_2,0,O
747,AI_1,1,AI_2,0,1,AI_2,0,O
748,AI_1,2,AI_2,1,0,TIE,N/A,N/A
749,AI_1,2,AI_2,0,0,AI_2,0,O
750,AI_1,1,AI_2,0,0,AI_2,0,O
751,AI_1,1,AI_2,0,1,AI_2,0,O
752,AI_1,0,AI_2,2,1,AI_2,2,O
753,AI_1,2,AI_2,1,0,TIE,N/A,N/A
754,AI_1,0,AI_2,0,0,AI_2,0,O
755,AI_1,1,AI_2,0,0,AI_1,1,X
756,AI_1,1,AI_2,0,0,AI_1,1,X
757,AI_1,1,AI_2,1,1,TIE,N/A,N/A
758,AI_1,2,AI_2,1,1,TIE,N/A,N/A
759,AI_1,2,AI_2,0,1,AI_2,0,O
760,AI_1,1,AI_2,2,1,AI_2,2,O
761,AI_1,0,AI_2,0,0,AI_2,0,O
762,AI_1,0,AI_2,2,0,TIE,N/A,N/A
763,AI_1,1,AI_2,0,0,AI_1,1,X
764,AI_1,0,AI_2,0,0,AI_1,0,X
765,AI_1,2,AI_2,2,0,TIE,N/A,N/A
766,AI_1,0,AI_2,1,1,TIE,N/A,N/A
767,AI_1,1,AI_2,0,1,TIE,N/A,N/A
768,AI_1,2,AI_2,2,0,TIE,N/A,N/A
769,AI_1,2,AI_2,2,0,TIE,N/A,N/A
770,AI_1,2,AI_2,1,0,TIE,N/A,N/A
771,AI_1,1,AI_2,1,1,TIE,N/A,N/A
772,AI_1,0,AI_2,2,0,TIE,N/A,N/A
773,AI_1,1,AI_2,1,0,TIE,N/A,N/A
774,AI_1,0,AI_2,0,1,AI_2,0,O
775,AI_1,2,AI_2,2,0,TIE,N/A,N/A
776,AI_1,2,AI_2,1,0,TIE,N/A,N/A
777,AI_1,1,AI_2,0,1,AI_2,0,O
778,AI_1,1,AI_2,0,1,AI_2,0,O
779,AI_1,1,AI_2,2,1,AI_2,2,O
780,AI_1,0,AI_2,2,0,TIE,N/A,N/A
781,AI_1,1,AI_2,1,1,TIE,N/A,N/A
782,AI_1,2,AI_2,2,1,AI_2,2,O
783,AI_1,2,AI_2,1,0,TIE,N/A,N/A
784,AI_1,2,AI_2,0,1,AI_2,0,O
785,AI_1,2,AI_2,0,1,AI_2,0,O
786,AI_1,2,AI_2,0,0,AI_1,2,X
787,AI_1,0,AI_2,0,1,AI_2,0,O
788,AI_1,2,AI_2,1,0,TIE,N/A,N/A
789,AI_1,0,AI_2,1,0,TIE,N/A,N/A
790,AI_1,0,AI_2,0,0,AI_2,0,O
791,AI_1,2,AI_2,1,1,TIE,N/A,N/A
792,AI_1,2,AI_2,2,1,AI_2,2,O
793,AI_1,0,AI_2,1,1,TIE,N/A,N/A
794,AI_1,1,AI_2,2,0,TIE,N/A,N/A
795,AI_1,1,AI_2,1,0,TIE,N/A,N/A
796,AI_1,1,AI_2,0,0,AI_2,0,O
797,AI_1,2,AI_2,1,1,TIE,N/A,N/A
798,AI_1,2,AI_2,0,1,AI_1,2,X
799,AI_1,1,AI_2,0,1,AI_1,1,X
800,AI_1,0,AI_2,0,1,AI_1,0,X
801,AI_1,0,AI_2,0,0,AI_1,0,X
802,AI_1,0,AI_2,0,1,AI_2,0,O
803,AI_1,1,AI_2,1,1,TIE,N/A,N/A
804,AI_1,0,AI_2,1,1,TIE,N/A,N/A
805,AI_1,2,AI_2,0,0,AI_1,2,X
806,AI_1,2,AI_2,2,1,AI_2,2,O
807,AI_1,2,AI_2,0,1,AI_2,0,O
808,AI_1,0,AI_2,0,1,AI_2,0,O
809,AI_1,0,AI_2,2,1,AI_2,2,O
810,AI_1,2,AI_2,0,0,AI_1,2,X
811,AI_1,2,AI_2,2,0,TIE,N/A,N/A
812,AI_1,2,AI_2,0,1,AI_2,0,O
813,AI_1,1,AI_2,2,1,AI_2,2,O
814,AI_1,2,AI_2,0,0,AI_1,2,X
815,AI_1,0,AI_2,0,1,AI_2,0,O
816,AI_1,0,AI_2,2,1,AI_2,2,O
817,AI_1,1,AI_2,1,1,TIE,N/A,N/A
818,AI_1,2,AI_2,2,1,AI_2,2,O
819,AI_1,0,AI_2,0,0,AI_1,0,X
820,AI_1,1,AI_2,2,0,TIE,N/A,N/A
821,AI_1,0,AI_2,1,0,TIE,N/A,N/A
822,AI_1,0,AI_2,1,1,AI_1,0,X
823,AI_1,2,AI_2,0,1,AI_2,0,O
824,AI_1,1,AI_2,2,0,TIE,N/A,N/A
825,AI_1,0,AI_2,1,1,TIE,N/A,N/A
826,AI_1,0,AI_2,2,1,AI_2,2,O
827,AI_1,1,AI_2,0,1,AI_2,0,O
828,AI_1,1,AI_2,2,0,TIE,N/A,N/A
829,AI_1,2,AI_2,2,0,TIE,N/A,N/A
830,AI_1,1,AI_2,0,1,AI_2,0,O
831,AI_1,0,AI_2,2,0,TIE,N/A,N/A
832,AI_1,2,AI_2,2,1,AI_2,2,O
833,AI_1,0,AI_2,2,0,TIE,N/A,N/A
834,AI_1,2,AI_2,1,0,TIE,N/A,N/A
835,AI_1,0,AI_2,1,1,TIE,N/A,N/A
836,AI_1,0,AI_2,2,1,AI_2,2,O
837,AI_1,1,AI_2,2,1,AI_2,2,O
838,AI_1,2,AI_2,1,0,TIE,N/A,N/A
839,AI_1,1,AI_2,1,1,TIE,N/A,N/A
840,AI_1,1,AI_2,1,1,TIE,N/A,N/A
841,AI_1,1,AI_2,1,0,TIE,N/A,N/A
842,AI_1,0,AI_2,2,0,TIE,N/A,N/A
843,AI_1,2,AI_2,1,1,TIE,N/A,N/A
844,AI_1,0,AI_2,1,1,TIE,N/A,N/A
845,AI_1,2,AI_2,2,0,TIE,N/A,N/A
846,AI_1,2,AI_2,2,1,AI_2,2,O
847,AI_1,1,AI_2,1,1,TIE,N/A,N/A
848,AI_1,2,AI_2,0,0,AI_1,2,X
849,AI_1,1,AI_2,2,0,TIE,N/A,N/A
850,AI_1,1,AI_2,0,1,AI_2,0,O
851,AI_1,2,AI_2,0,1,AI_2,0,O
852,AI_1,1,AI_2,2,1,AI_2,2,O
853,AI_1,0,AI_2,1,0,TIE,N/A,N/A
854,AI_1,2,AI_2,1,0,TIE,N/A,N/A
855,AI_1,0,AI_2,2,1,AI_2,2,O
856,AI_1,0,AI_2,0,1,AI_2,0,O
857,AI_1,2,AI_2,0,1,AI_2,0,O
858,AI_1,1,AI_2,0,0,AI_1,1,X
859,AI_1,1,AI_2,2,1,AI_2,2,O
860,AI_1,1,AI_2,2,1,AI_2,2,O
861,AI_1,0,AI_2,2,0,TIE,N/A,N/A
862,AI_1,1,AI_2,2,0,TIE,N/A,N/A
863,AI_1,1,AI_2,2,1,AI_2,2,O
864,AI_1,2,AI_2,2,1,AI_2,2,O
865,AI_1,2,AI_2,2,1,AI_2,2,O
866,AI_1,2,AI_2,2,1,AI_2,2,O
867,AI_1,2,AI_2,1,0,TIE,N/A,N/A
868,AI_1,2,AI_2,1,1,TIE,N/A,N/A
869,AI_1,1,AI_2,0,0,AI_2,0,O
870,AI_1,0,AI_2,1,1,TIE,N/A,N/A
871,AI_1,2,AI_2,0,1,AI_2,0,O
872,AI_1,2,AI_2,0,1,AI_2,0,O
873,AI_1,2,AI_2,1,1,AI_1,2,X
874,AI_1,2,AI_2,2,0,TIE,N/A,N/A
875,AI_1,0,AI_2,0,1,AI_2,0,O
876,AI_1,0,AI_2,2,0,TIE,N/A,N/A
877,AI_1,0,AI_2,1,1,TIE,N/A,N/A
878,AI_1,0,AI_2,1,0,TIE,N/A,N/A
879,AI_1,0,AI_2,0,1,AI_2,0,O
880,AI_1,0,AI_2,2,1,AI_2,2,O
881,AI_1,0,AI_2,0,1,TIE,N/A,N/A
882,AI_1,2,AI_2,0,1,TIE,N/A,N/A
883,AI_1,1,AI_2,2,0,TIE,N/A,N/A
884,AI_1,2,AI_2,1,1,TIE,N/A,N/A
885,AI_1,1,AI_2,2,0,TIE,N/A,N/A
886,AI_1,1,AI_2,1,1,TIE,N/A,N/A
887,AI_1,2,AI_2,1,1,TIE,N/A,N/A
888,AI_1,0,AI_2,1,1,AI_1,0,X
889,AI_1,1,AI_2,1,0,TIE,N/A,N/A
890,AI_1,0,AI_2,0,1,AI_1,0,X
891,AI_1,1,AI_2,2,1,AI_2,2,O
892,AI_1,1,AI_2,2,0,TIE,N/A,N/A
893,AI_1,2,AI_2,1,1,AI_1,2,X
894,AI_1,1,AI_2,2,1,AI_2,2,O
895,AI_1,2,AI_2,0,1,AI_2,0,O
896,AI_1,0,AI_2,0,0,AI_2,0,O
897,AI_1,1,AI_2,0,0,AI_2,0,O
898,AI_1,1,AI_2,0,0,AI_2,0,O
899,AI_1,0,AI_2,2,1,AI_2,2,O
900,AI_1,0,AI_2,1,0,TIE,N/A,N/A
901,AI_1,0,AI_2,2,1,AI_2,2,O
902,AI_1,2,AI_2,0,1,AI_2,0,O
903,AI_1,0,AI_2,1,1,TIE,N/A,N/A
904,AI_1,0,AI_2,2,1,AI_2,2,O
905,AI_1,1,AI_2,2,1,AI_2,2,O
906,AI_1,1,AI_2,2,1,AI_2,2,O
907,AI_1,0,AI_2,1,1,AI_1,0,X
908,AI_1,1,AI_2,0,0,AI_1,1,X
909,AI_1,0,AI_2,0,1,AI_2,0,O
910,AI_1,2,AI_2,1,1,TIE,N/A,N/A
911,AI_1,2,AI_2,2,1,AI_2,2,O
912,AI_1,0,AI_2,2,0,TIE,N/A,N/A
913,AI_1,1,AI_2,0,1,TIE,N/A,N/A
914,AI_1,0,AI_2,0,0,AI_1,0,X
915,AI_1,1,AI_2,1,1,TIE,N/A,N/A
916,AI_1,0,AI_2,2,0,TIE,N/A,N/A
917,AI_1,1,AI_2,2,1,AI_2,2,O
918,AI_1,2,AI_2,2,0,TIE,N/A,N/A
919,AI_1,0,AI_2,0,1,AI_2,0,O
920,AI_1,2,AI_2,2,1,AI_2,2,O
921,AI_1,0,AI_2,0,1,AI_2,0,O
922,AI_1,1,AI_2,1,0,TIE,N/A,N/A
923,AI_1,0,AI_2,1,0,TIE,N/A,N/A
924,AI_1,1,AI_2,2,1,AI_2,2,O
925,AI_1,1,AI_2,2,1,AI_2,2,O
926,AI_1,2,AI_2,0,0,AI_2,0,O
927,AI_1,1,AI_2,0,0,AI_1,1,X
928,AI_1,1,AI_2,0,0,AI_1,1,X
929,AI_1,0,AI_2,1,0,TIE,N/A,N/A
930,AI_1,0,AI_2,0,1,AI_2,0,O
931,AI_1,2,AI_2,1,1,AI_1,2,X
932,AI_1,0,AI_2,0,0,TIE,N/A,N/A
933,AI_1,1,AI_2,1,0,TIE,N/A,N/A
934,AI_1,1,AI_2,0,1,AI_1,1,X
935,AI_1,2,AI_2,2,1,AI_2,2,O
936,AI_1,1,AI_2,2,1,AI_2,2,O
937,AI_1,1,AI_2,0,1,AI_1,1,X
938,AI_1,2,AI_2,1,0,TIE,N/A,N/A
939,AI_1,0,AI_2,2,0,TIE,N/A,N/A
940,AI_1,0,AI_2,2,1,AI_2,2,O
941,AI_1,0,AI_2,1,0,TIE,N/A,N/A
942,AI_1,1,AI_2,0,0,AI_2,0,O
943,AI_1,0,AI_2,2,1,AI_2,2,O
944,AI_1,0,AI_2,2,1,AI_2,2,O
945,AI_1,1,AI_2,1,0,TIE,N/A,N/A
946,AI_1,2,AI_2,2,1,AI_2,2,O
947,AI_1,0,AI_2,2,0,TIE,N/A,N/A
948,AI_1,2,AI_2,1,1,TIE,N/A,N/A
949,AI_1,1,AI_2,2,0,TIE,N/A,N/A
950,AI_1,0,AI_2,2,0,TIE,N/A,N/A
951,AI_1,0,AI_2,0,0,AI_2,0,O
952,AI_1,2,AI_2,1,1,TIE,N/A,N/A
953,AI_1,2,AI_2,2,0,TIE,N/A,N/A
954,AI_1,2,AI_2,0,1,TIE,N/A,N/A
955,AI_1,0,AI_2,0,1,AI_2,0,O
956,AI_1,1,AI_2,1,1,AI_1,1,X
957,AI_1,1,AI_2,1,1,TIE,N/A,N/A
958,AI_1,1,AI_2,2,1,AI_2,2,O
959,AI_1,1,AI_2,1,0,TIE,N/A,N/A
960,AI_1,0,AI_2,0,0,AI_1,0,X
961,AI_1,2,AI_2,0,0,AI_1,2,X
962,AI_1,2,AI_2,2,0,TIE,N/A,N/A
963,AI_1,1,AI_2,0,0,AI_1,1,X
964,AI_1,2,AI_2,1,0,TIE,N/A,N/A
965,AI_1,2,AI_2,0,1,AI_1,2,X
966,AI_1,1,AI_2,0,0,AI_2,0,O
967,AI_1,1,AI_2,1,0,TIE,N/A,N/A
968,AI_1,2,AI_2,2,1,AI_2,2,O
969,AI_1,0,AI_2,1,1,AI_1,0,X
970,AI_1,1,AI_2,2,1,AI_2,2,O
971,AI_1,2,AI_2,2,1,AI_2,2,O
972,AI_1,0,AI_2,2,1,AI_2,2,O
973,AI_1,1,AI_2,2,0,TIE,N/A,N/A
974,AI_1,0,AI_2,0,1,AI_2,0,O
975,AI_1,0,AI_2,2,0,TIE,N/A,N/A
976,AI_1,0,AI_2,1,0,TIE,N/A,N/A
977,AI_1,1,AI_2,1,0,TIE,N/A,N/A
978,AI_1,2,AI_2,0,0,TIE,N/A,N/A
979,AI_1,2,AI_2,1,0,TIE,N/A,N/A
980,AI_1,1,AI_2,2,0,TIE,N/A,N/A
981,AI_1,1,AI_2,0,0,AI_1,1,X
982,AI_1,1,AI_2,2,0,TIE,N/A,N/A
983,AI_1,0,AI_2,1,0,TIE,N/A,N/A
984,AI_1,1,AI_2,0,1,AI_2,0,O
985,AI_1,0,AI_2,1,0,TIE,N/A,N/A
986,AI_1,0,AI_2,1,0,TIE,N/A,N/A
987,AI_1,0,AI_2,0,0,AI_2,0,O
988,AI_1,0,AI_2,2,1,AI_2,2,O
989,AI_1,1,AI_2,2,0,TIE,N/A,N/A
990,AI_1,2,AI_2,0,0,AI_2,0,O
991,AI_1,1,AI_2,0,1,AI_2,0,O
992,AI_1,0,AI_2,2,0,TIE,N/A,N/A
993,AI_1,0,AI_2,0,0,AI_1,0,X
994,AI_1,1,AI_2,0,0,AI_2,0,O
995,AI_1,2,AI_2,0,0,AI_1,2,X
996,AI_1,0,AI_2,0,0,AI_2,0,O
997,AI_1,0,AI_2,1,1,TIE,N/A,N/A
998,AI_1,2,AI_2,1,0,TIE,N/A,N/A
999,AI_1,1,AI_2,1,1,TIE,N/A,N/A
1000,AI_1,0,AI_2,2,0,TIE,N/A,N/A
1001,AI_1,1,AI_2,1,0,TIE,N/A,N/A
1002,AI_1,2,AI_2,2,1,AI_2,2,O
1003,AI_1,2,AI_2,2,1,AI_2,2,O
1004,AI_1,2,AI_2,2,0,TIE,N/A,N/A
